",""Bayern"",""Belgien"",""Schweden"",""Tschechien"""
Arithmetisches Mittel,2543.9247311828,5631.66666666667,3693.96774193548,7147.94623655914
Maximum,5587,22210,11382,17038
