"","Bayern","Belgien","Schweden","Tschechien"
"Arithmetisches Mittel",19.4192727571206,42.6488549618321,49.4005847953216,194.824561403509
"Maximum",25,25,31,31
